source,fixture_id,market,selection,prediction_timestamp,kickoff_timestamp,dixon_coles_probability,market_fair_probability,edge,raw_ev,odds,league_id,home_ft_count,away_ft_count,used_default_lambda,home_lambda,away_lambda,feature_quality,hours_to_kickoff,old_confidence,outcome,daily_pick_id
botposlednji1,1499958,match_winner,Draw,2026-06-27 08:47:34.655600,2026-06-27 16:00:00,0.6177662769962309,0.22930348123976285,0.388462795756468,0.5,2.8,132,11,12,False,,,0.35,7.2070401111111115,0.5,lose,11
botposlednji1,1554049,match_winner,Away,2026-06-27 09:10:59.412249,2026-06-27 21:00:00,0.0777384004580744,0.06140979925494685,0.016328601203127548,0.12720680664207884,14.5,76,11,11,False,,,0.35,11.816829930833332,0.8995163002884459,lose,13
botposlednji1,1553749,match_winner,Draw,2026-06-27 09:48:55.667009,2026-06-27 17:30:00,0.3715965879117438,0.21735137780023514,0.15424521011150868,0.11478976373523153,3.0,76,11,11,False,,,0.35,7.684536941944444,0.14286504076939255,win,18
botposlednji1,1554058,match_winner,Draw,2026-06-27 09:48:55.667009,2026-06-27 19:00:00,0.37988595288201366,0.2330493154444066,0.14683663743760705,0.11116641217988987,2.925,76,11,11,False,,,0.35,9.184536941944446,0.1535220288557405,lose,19
botposlednji1,1553753,match_winner,Draw,2026-06-27 09:48:55.667009,2026-06-27 21:30:00,0.3930391759096787,0.24572779432766195,0.14731138158201673,0.1005096925471003,2.8,76,11,11,False,,,0.35,11.684536941944446,0.18378063001598877,lose,20
botposlednji1,1499964,match_winner,Draw,2026-06-27 09:48:55.667009,2026-06-27 16:00:00,0.3790527604731093,0.22396677151979194,0.15508598895331738,0.09925300537201709,2.9,132,11,13,False,,,0.35,6.184536941944444,0.16301231792436377,lose,21
botposlednji1,1499955,match_winner,Draw,2026-06-27 09:48:55.667009,2026-06-27 18:00:00,0.3690721826016086,0.20741263339096888,0.16165954921063974,0.0979897432397856,2.975,132,11,12,False,,,0.35,8.184536941944444,0.1480985764616224,win,22
botposlednji1,1553761,match_winner,Draw,2026-06-27 09:48:55.667009,2026-06-27 18:00:00,0.3876864696066077,0.234823866728127,0.1528626028784807,0.09521427663866677,2.825,76,11,11,False,,,0.35,8.184536941944444,0.17830726664286134,win,23
botposlednji1,1554051,over_under,Under 2.5,2026-06-27 09:55:44.707248,2026-06-27 20:00:00,0.5446638961814183,0.3965759353771409,0.14808796080427739,0.062094597553765674,1.95,76,11,11,False,,,0.35,10.070914653333334,0.13911185987305652,win,26
botposlednji1,1553759,over_under,Under 2.5,2026-06-27 20:46:08.688927,2026-06-27 21:00:00,0.626906508391393,0.46677667416549073,0.1601298342259022,-0.01575678182551299,1.57,76,11,11,False,,,0.35,0.2309197425,0.3446678914548913,win,27
botposlednji1,1553752,over_under,Under 2.5,2026-06-27 20:46:08.688927,2026-06-27 22:30:00,0.6124023581084934,0.4441049449940063,0.1682974131144871,-0.01709421523586807,1.605,76,11,11,False,,,0.35,1.7309197425,0.3213272959880604,win,28
botposlednji1,1554061,btts,No,2026-06-27 20:46:08.688927,2026-06-27 21:00:00,0.5903918211385696,0.37601809824144306,0.21437372289712653,-0.09079659544660279,1.54,76,11,11,False,,,0.35,0.2309197425,0.3476562653807329,win,29
botposlednji1,1561329,match_winner,Home,2026-06-28 07:44:11.801497,2026-06-28 19:00:00,0.19077521928123284,0.08920519044945169,0.10157002883178115,0.030186184118657478,5.4,1,3,3,False,,,0.35,11.263388473055555,0.6094256015535522,lose,30
botposlednji1,1554056,match_winner,Draw,2026-06-28 07:44:11.801497,2026-06-28 19:30:00,0.16409701327449966,0.11284744195124569,0.05124957132325397,0.02560633296562287,6.25,76,11,11,False,,,0.35,11.763388473055555,0.7349450004202205,win,31
botposlednji1,1553755,match_winner,Away,2026-06-28 07:44:11.801497,2026-06-28 21:00:00,0.2054616494203371,0.15961692254630588,0.04584472687403121,-0.013784082782381968,4.8,76,11,11,False,,,0.35,13.263388473055555,0.827617096036243,lose,32
botposlednji1,1554059,match_winner,Away,2026-06-28 07:44:11.801497,2026-06-28 20:00:00,0.22208629944282798,0.1792733523517864,0.04281294709104158,-0.02282028245155676,4.4,76,11,11,False,,,0.35,12.263388473055555,0.8608080772418678,lose,33
botposlednji1,1499961,match_winner,Home,2026-06-28 07:44:11.801497,2026-06-28 18:00:00,0.26233125566345683,0.21108868334894695,0.05124257231450988,-0.03462097915847884,3.68,132,11,11,False,,,0.35,10.263388473055555,0.7742038880368978,lose,34
botposlednji1,1554062,match_winner,Away,2026-06-28 07:44:11.801497,2026-06-28 20:00:00,0.2135453570462912,0.16816752551328956,0.04537783153300165,-0.039045893291689504,4.5,76,11,11,False,,,0.35,12.263388473055555,0.8462980682366259,lose,35
botposlednji1,1553757,match_winner,Away,2026-06-28 07:49:05.348510,2026-06-28 19:00:00,0.24247338729834284,0.20376936509608232,0.03870402220226052,-0.042230120171545704,3.95,76,11,11,False,,,0.35,11.18184763611111,0.903883143832084,lose,36
botposlednji1,1554053,match_winner,Away,2026-06-28 07:49:05.348510,2026-06-28 20:00:00,0.23023207253685024,0.189413053440142,0.04081901909670824,-0.04453689897207147,4.15,76,11,11,False,,,0.35,12.18184763611111,0.8783943786079447,lose,37
botposlednji1,1499957,match_winner,Home,2026-06-28 07:49:05.348510,2026-06-28 18:00:00,0.28506824883664517,0.23543812295218558,0.049630125884459586,-0.05927477883907095,3.3,132,12,11,False,,,0.35,10.18184763611111,0.8247277755773301,lose,38
botposlednji1,1553758,match_winner,Away,2026-06-28 07:49:05.348510,2026-06-28 19:00:00,0.24824398057698194,0.21298194868307224,0.035262031893909696,-0.06412019322477813,3.77,76,11,11,False,,,0.35,11.18184763611111,0.9140527232907808,win,39
botposlednji1,1554057,match_winner,Draw,2026-06-28 07:49:05.348510,2026-06-28 20:00:00,0.23990027144041406,0.18856707858743557,0.05133319285297849,-0.06438894138238505,3.9000000000000004,76,11,11,False,,,0.35,12.18184763611111,0.908340798979967,win,40
botposlednji1,1499963,match_winner,Home,2026-06-28 07:49:05.348510,2026-06-28 18:00:00,0.30152637874492627,0.25339053532551553,0.04813584341941074,-0.06828348967817788,3.09,132,12,11,False,,,0.35,10.18184763611111,0.8607596801220091,win,41
botposlednji1,1554048,over_under,Under 2.5,2026-06-28 07:54:32.224731,2026-06-28 19:00:00,0.5478900673984217,0.43949402263689197,0.10839604476152975,-0.0685868854226831,1.7,76,11,11,False,,,0.35,11.091048685833332,0.8364711933321622,win,42
botposlednji1,1554055,match_winner,Home,2026-06-28 07:54:32.224731,2026-06-28 18:30:00,0.4059517876928987,0.3571410898113376,0.048810697881561116,-0.10690606707562278,2.2,76,11,11,False,,,0.35,10.591048685833332,0.8872896663393534,lose,43
botposlednji1,1553751,over_under,Under 2.5,2026-06-28 07:54:32.224731,2026-06-28 19:00:00,0.6381977327145814,0.4942156327335864,0.14398209998099498,-0.11290515152673197,1.39,76,11,11,False,,,0.35,11.091048685833332,0.9100643483546407,win,44
botposlednji1,1554052,match_winner,Draw,2026-06-29 08:51:50.285995,2026-06-29 22:00:00,0.25332600488399776,0.1929019402354632,0.06042406464853456,-0.08802638241760807,3.6,76,11,11,False,,,0.35,13.136031668055557,0.9479200373003241,win,45
botposlednji1,1565176,over_under,Under 2.5,2026-06-29 08:51:50.285995,2026-06-29 20:30:00,0.415364668666419,0.1941076861319402,0.2212569825344788,-0.12358054911385596,2.11,1,3,3,False,,,0.35,11.636031668055557,0.5290661295381341,win,46
botposlednji1,1562344,btts,No,2026-06-29 08:51:50.285995,2026-06-29 17:00:00,0.4837942014933656,0.30621749260288356,0.17757670889048205,-0.1388463213418092,1.78,1,3,3,False,,,0.35,8.136031668055557,0.8385787697187123,lose,47
botposlednji1,1554372,over_under,Under 2.5,2026-07-07 04:27:39.062183,2026-07-07 18:30:00,0.46700872994681786,0.25563093418665467,0.2113777957601632,0.027419205882999398,2.2,2,0,0,False,,,0.35,14.03914939361111,0.03747332528549274,win,51
botposlednji1,1554371,over_under,Under 2.5,2026-07-07 04:27:39.062183,2026-07-07 16:00:00,0.4843413127731273,0.2712132503093641,0.2131280624637632,0.009851637131970348,2.085,2,0,0,False,,,0.35,11.53914939361111,0.07982000071724005,win,52
botposlednji1,1554368,btts,No,2026-07-07 04:27:39.062183,2026-07-07 16:00:00,0.48783187468166533,0.30088950070459064,0.1869423739770747,0.007372821217638936,2.065,2,0,0,False,,,0.35,11.53914939361111,0.07610567999595197,lose,53
botposlednji1,1554374,over_under,Under 2.5,2026-07-07 04:27:39.062183,2026-07-07 19:00:00,0.4972500581242189,0.28888223600635576,0.20836782211786314,0.006931367701543234,2.025,2,0,0,False,,,0.35,14.53914939361111,0.1037731117556735,win,54
botposlednji1,1554414,over_under,Under 2.5,2026-07-08 04:11:01.190562,2026-07-08 16:00:00,0.5742655799446128,0.41388184729191174,0.16038373265270106,0.033678043900303045,1.8,848,0,0,False,,,0.35,11.816335955,0.22631628956904426,lose,55
botposlednji1,1554395,over_under,Under 2.5,2026-07-08 04:11:01.190562,2026-07-08 17:30:00,0.5303459116461194,0.3452762580870685,0.18506965355905092,0.031522798151702114,1.9449999999999998,848,0,0,False,,,0.35,13.316335955,0.15575817665553093,win,56
botposlednji1,1554393,over_under,Under 2.5,2026-07-08 04:11:01.190562,2026-07-08 17:30:00,0.5158452726616207,0.30567828830307164,0.21016698435854908,0.0058982816901604895,1.95,848,0,0,False,,,0.35,13.316335955,0.15347558839706288,win,57
botposlednji1,1554365,over_under,Under 2.5,2026-07-08 04:11:01.190562,2026-07-08 15:00:00,0.4886400576892665,0.2724129211461419,0.2162271365431246,0.0017121182629962206,2.05,2,0,0,False,,,0.35,10.816335955,0.09364446994751952,lose,58
botposlednji1,1554363,over_under,Under 2.5,2026-07-08 12:34:03.180020,2026-07-08 16:00:00,0.49399648198338014,0.3019595840035618,0.19203689797981832,0.034922629755181234,2.0949999999999998,2,0,0,False,,,0.35,3.4324499944444447,0.0758360668892597,lose,59
botposlednji1,1554446,over_under,Under 2.5,2026-07-09 04:37:26.999159,2026-07-09 18:00:00,0.4904321625568504,0.29329559988187986,0.19713656267497054,0.029907541369385893,2.1,3,0,0,False,,,0.35,13.375833566944445,0.07395257877927397,lose,60
botposlednji1,1554401,over_under,Under 2.5,2026-07-09 04:37:26.999159,2026-07-09 18:30:00,0.47681096482330687,0.25971591925721427,0.2170950455660926,0.025143574370109834,2.15,848,0,0,False,,,0.35,13.875833566944445,0.07185053198948133,lose,61
botposlednji1,1554442,over_under,Under 2.5,2026-07-09 04:37:26.999159,2026-07-09 17:00:00,0.4846768792772508,0.27983709526174344,0.20483978401550734,0.022668215274999293,2.1100000000000003,3,0,0,False,,,0.35,12.375833566944445,0.07027551717179337,win,62
botposlednji1,1554443,over_under,Under 2.5,2026-07-09 04:37:26.999159,2026-07-09 18:00:00,0.48889921059238184,0.28577062725598656,0.20312858333639527,0.02179935013807799,2.09,3,0,0,False,,,0.35,13.375833566944445,0.07791759869778514,win,63
botposlednji1,1554402,btts,No,2026-07-09 04:37:26.999159,2026-07-09 16:00:00,0.4852099942384801,0.29449865598858793,0.19071133824989217,0.018940987900808226,2.1,848,0,0,False,,,0.35,11.375833566944445,0.07781677136361798,lose,64
botposlednji1,1554441,over_under,Under 2.5,2026-07-09 04:37:26.999159,2026-07-09 18:00:00,0.47361304281739863,0.2586876171762341,0.2149254256411645,0.01589997684332012,2.145,3,0,0,False,,,0.35,13.375833566944445,0.05722783193528869,lose,65
botposlednji1,1554408,over_under,Under 2.5,2026-07-09 18:28:26.780338,2026-07-09 18:45:00,0.5358245169717846,0.3403826457133581,0.1954418712584265,0.012708337076672738,1.89,848,0,0,False,,,0.35,0.27589435055555556,0.18127412510670837,win,66
botposlednji1,1554400,btts,No,2026-07-09 18:28:26.780338,2026-07-09 19:00:00,0.49336369773726274,0.30240091969222355,0.1909627780450392,0.011395580361388546,2.05,848,0,0,False,,,0.35,0.5258943505555556,0.09692302475597392,lose,67
botposlednji1,1554397,btts,No,2026-07-09 18:28:26.780338,2026-07-09 19:00:00,0.5019141983181761,0.31065292145786855,0.19126127686030753,0.0038283966363521493,2.0,848,0,0,False,,,0.35,0.5258943505555556,0.11698099458811761,win,68
botposlednji1,1494698,over_under,Under 2.5,2026-07-12 05:38:19.314626,2026-07-12 17:15:00,0.4060999914081258,0.2645843747878925,0.14151561662023332,0.0152499785203144,2.5,103,10,8,False,,,0.35,11.611301492777779,0.4230564301967057,win,69
botposlednji1,1494695,over_under,Under 2.5,2026-07-12 05:38:19.314626,2026-07-12 12:30:00,0.38750881568991913,0.23309582332734133,0.1544129923625778,0.007522920793789689,2.6,103,9,11,False,,,0.35,6.861301492777778,0.3942057055252519,win,70
botposlednji1,1494693,over_under,Under 2.5,2026-07-12 05:38:19.314626,2026-07-12 15:00:00,0.3850196501084543,0.23859506278899167,0.14642458731946262,0.0010510902819811374,2.6,103,10,10,False,,,0.35,9.361301492777779,0.38064326659633185,lose,71
botposlednji1,1567810,match_winner,Draw,2026-07-13 04:49:27.118330,2026-07-13 23:00:00,0.17151226636940048,0.11809408107061461,0.053418185298785864,0.03764921153487277,6.05,76,12,12,False,,,0.35,18.17580046388889,0.7532930888320131,lose,72
botposlednji1,1554425,over_under,Under 2.5,2026-07-14 04:22:51.735366,2026-07-14 19:00:00,0.5430518556683677,0.3423313425747607,0.20072051309360694,0.004645932986480306,1.85,848,0,0,False,,,0.35,14.618962398333332,0.20448209623653268,win,73
current_bot,1554451,over_under,Under 2.5,2026-07-16 06:08:50.661774,2026-07-16 20:00:00,0.5137145633065943,0.21107107377611498,0.30264348953047926,0.35620644712940885,2.64,3,1,14,False,,,0.35,13.852593951666666,0.06878926298314048,lose,88
current_bot,1554449,over_under,Under 2.5,2026-07-16 06:08:50.661774,2026-07-16 18:15:00,0.5145057828796933,0.21333170112782646,0.30117408175186683,0.3377150354872025,2.6,3,16,5,False,,,0.35,12.102593951666666,0.07331051768656349,lose,89
current_bot,1554426,over_under,Under 2.5,2026-07-16 06:08:50.661774,2026-07-16 16:30:00,0.5207689171414649,0.23122637044717384,0.289542546694291,0.26026077948234505,2.42,848,5,4,False,,,0.35,10.352593951666666,0.10909985632525832,lose,90
current_bot,1554431,over_under,Under 2.5,2026-07-16 06:08:50.661774,2026-07-16 16:00:00,0.5349774905092665,0.2718222943551784,0.26315519615408806,0.23044822817131272,2.3,848,9,5,False,,,0.35,9.852593951666666,0.1902917041412674,win,91
current_bot,1554439,match_winner,Away,2026-07-16 06:08:50.661774,2026-07-16 15:00:00,0.2446095340316336,0.13322811335610693,0.11138142067552667,0.22304767015816807,5.0,848,1,1,False,,,0.35,8.852593951666666,0.6572879363829949,lose,92
current_bot,1554420,match_winner,Away,2026-07-16 06:08:50.661774,2026-07-16 17:00:00,0.2382016141234117,0.11491977076118724,0.12328184336222446,0.2148282320293997,5.1,848,1,1,False,,,0.35,10.852593951666666,0.6206712511931556,lose,93
current_bot,1554415,match_winner,Away,2026-07-16 07:24:21.020880,2026-07-16 18:45:00,0.23821754617069815,0.11496529089629141,0.12325225527440674,0.3340182585559095,5.6,848,6,3,False,,,0.35,11.344160866666668,0.6207622914633639,win,94
current_bot,1554423,match_winner,Away,2026-07-16 07:24:21.020880,2026-07-16 16:00:00,0.2409994910942475,0.12291370496357525,0.11808578613067226,0.2531973536900871,5.2,848,6,4,False,,,0.35,8.594160866666666,0.6366591195979316,lose,95
current_bot,1554427,match_winner,Away,2026-07-16 07:24:21.020880,2026-07-16 18:45:00,0.23816714475985817,0.11482128686531999,0.12334585789453818,0.1908357237992908,5.0,848,4,1,False,,,0.35,11.344160866666668,0.6204742834014211,lose,96
current_bot,1554432,over_under,Under 2.5,2026-07-16 07:24:21.020880,2026-07-16 16:30:00,0.5202663124183903,0.22979035695267494,0.29047595546571536,0.1705992029413781,2.25,848,16,3,False,,,0.35,9.094160866666666,0.1062278293362604,win,97
current_bot,1554422,match_winner,Away,2026-07-16 07:24:21.020880,2026-07-16 17:30:00,0.24709774304451576,0.14033728196434175,0.10676046108017401,0.12429473085254661,4.55,848,6,2,False,,,0.35,10.094160866666668,0.6715062735994646,win,98
current_bot,1554417,over_under,Under 2.5,2026-07-16 07:24:21.020880,2026-07-16 17:00:00,0.5221573062803934,0.23519319655839793,0.28696410972199543,0.12263820850284568,2.15,848,3,1,False,,,0.35,9.594160866666668,0.11703350854770644,win,99
current_bot,1494700,match_winner,Draw,2026-07-17 05:08:05.433138,2026-07-17 17:15:00,0.2168994775412445,0.06361915786843178,0.15328031967281272,0.8436455591005783,8.5,103,32,9,False,,,0.35,12.115157461666666,0.5283682471605762,lose,100
current_bot,1492140,over_under,Under 2.5,2026-07-17 05:08:05.433138,2026-07-17 22:30:00,0.5507192342712985,0.21164545760575856,0.33907377666553995,0.2941902005375516,2.35,71,10,10,False,,,0.35,17.365157461666666,0.55,win,101
botposlednji1,1494707,over_under,Under 2.5,2026-07-18 05:32:18.943732,2026-07-18 16:00:00,0.35159952186409144,0.1944412097614937,0.15715831210259773,0.012606622968583281,2.88,103,9,10,False,,,0.35,10.46140451888889,0.38344901984465807,lose,74
current_bot,1494707,over_under,Under 2.5,2026-07-18 05:33:40.752955,2026-07-18 16:00:00,0.5254933453902277,0.1944412097614937,0.33105213562873403,0.5134208347238558,2.88,103,10,11,False,,,0.35,10.438679734722221,0.55,lose,102
current_bot,1494702,over_under,Under 2.5,2026-07-18 05:33:40.752955,2026-07-18 14:00:00,0.6008725410673231,0.2695970653209349,0.3312754757463882,0.35797194281215017,2.26,103,12,12,False,,,0.35,8.438679734722223,0.55,win,103
current_bot,1499995,match_winner,Away,2026-07-18 05:33:40.752955,2026-07-18 18:00:00,0.25618375931065135,0.1662973284390148,0.08988643087163656,0.2104682627428276,4.725,132,12,12,False,,,0.35,12.438679734722221,0.7234263665488107,lose,104
current_bot,1494703,over_under,Under 2.5,2026-07-18 05:33:40.752955,2026-07-18 14:00:00,0.5662358929502247,0.26964558701828967,0.296590305931935,0.20891363144872965,2.135,103,10,10,False,,,0.35,8.438679734722223,0.08741444328635373,lose,105
current_bot,1494705,over_under,Under 2.5,2026-07-18 05:33:40.752955,2026-07-18 14:00:00,0.5009445976818281,0.28628214638649013,0.21466245129533795,0.031945871224565714,2.0599999999999996,103,11,11,False,,,0.35,8.438679734722223,0.3395001498604987,lose,106
current_bot,1494701,over_under,Under 2.5,2026-07-18 05:33:40.752955,2026-07-18 12:00:00,0.5886679816305381,0.31846884839269146,0.27019913323784667,0.030168967853441808,1.75,103,11,25,False,,,0.35,6.438679734722222,0.16861805157585652,lose,107
botposlednji1,1589418,over_under,Under 2.5,2026-07-21 04:13:11.353387,2026-07-21 16:00:00,0.4241116146166556,0.23222543755798605,0.19188617705866953,0.039073455810806346,2.45,2,0,2,False,,,0.35,11.780179614722222,0.1043807226965292,lose,75
botposlednji1,1556504,over_under,Under 2.5,2026-07-21 04:13:11.353387,2026-07-21 18:00:00,0.47509974391386656,0.2731223474675327,0.20197739644633383,0.03571744173222924,2.18,2,0,0,False,,,0.35,13.780179614722222,0.04447973480573597,win,76
botposlednji1,1591934,match_winner,Draw,2026-07-21 04:13:11.353387,2026-07-21 18:45:00,0.32792194974768357,0.1243691916284175,0.20355275811926607,0.03295414170520328,3.15,2,0,0,False,,,0.35,14.530179614722222,0.10282274584369566,win,77
botposlednji1,1556501,match_winner,Draw,2026-07-21 04:13:11.353387,2026-07-21 17:00:00,0.33143317360387936,0.12154817701262771,0.20988499659125165,0.027442838172025974,3.1,2,0,0,False,,,0.35,12.780179614722222,0.11958555349775035,lose,78
botposlednji1,1593486,over_under,Under 2.5,2026-07-21 04:13:11.353387,2026-07-21 17:00:00,0.4601438753002751,0.2526621487739085,0.2074817265263666,0.02151940316661083,2.22,848,0,1,False,,,0.35,12.780179614722222,0.2074757987080943,lose,79
botposlednji1,1556521,match_winner,Draw,2026-07-22 16:34:28.622445,2026-07-22 18:30:00,0.3339509842120999,0.12323706947934988,0.21071391473275003,0.03524805105750972,3.1,848,0,0,False,,,0.35,1.9253826541666668,0.129382113591747,win,80
botposlednji1,1593477,over_under,Under 2.5,2026-07-22 16:34:28.622445,2026-07-22 17:45:00,0.41950706439633795,0.21002910340206338,0.20947796099427457,0.027792307771028035,2.45,848,0,1,False,,,0.35,1.1753826541666668,0.11992786990800819,win,81
botposlednji1,1593478,over_under,Under 2.5,2026-07-23 04:17:33.476582,2026-07-23 17:00:00,0.4724446852298074,0.2613822847209447,0.2110624005088627,0.03937830750557647,2.2,848,0,0,False,,,0.35,12.70736761611111,0.05407795161383877,win,82
botposlednji1,1556514,over_under,Under 2.5,2026-07-23 04:17:33.476582,2026-07-23 16:00:00,0.4611438671857122,0.24338685153964545,0.21775701564606675,0.037573701167852525,2.25,848,0,0,False,,,0.35,11.70736761611111,0.036368799763793924,lose,83
botposlednji1,1556518,over_under,Under 2.5,2026-07-23 04:17:33.476582,2026-07-23 18:00:00,0.4665884078441866,0.2478356950562831,0.21875271278790348,0.031160381335652243,2.21,848,0,0,False,,,0.35,13.70736761611111,0.050249483923683,lose,84
botposlednji1,1556510,over_under,Under 2.5,2026-07-23 04:17:33.476582,2026-07-23 17:45:00,0.4502310244938783,0.22026917751613506,0.22996184697774325,0.02652673584604237,2.28,848,0,0,False,,,0.35,13.45736761611111,0.02629415122089218,lose,85
botposlednji1,1591942,over_under,Under 2.5,2026-07-23 04:17:33.476582,2026-07-23 18:30:00,0.4496239968238289,0.25244647203221776,0.19717752479161116,0.020646472790091686,2.27,848,0,1,False,,,0.35,14.20736761611111,0.1749827565535199,lose,86
botposlednji1,1556516,over_under,Under 2.5,2026-07-23 04:17:33.476582,2026-07-23 18:30:00,0.4685902688069712,0.23629911800907347,0.23229115079789772,0.007469077934987967,2.15,848,0,0,False,,,0.35,14.20736761611111,0.07173703979859425,win,87
botposlednji1,1593490,over_under,Under 2.5,2026-07-23 05:03:55.300289,2026-07-23 18:45:00,0.44616670532762065,0.23613083784800068,0.21003586747961997,0.0038750869871464477,2.25,848,0,1,False,,,0.35,13.684638808611112,0.18241543747303568,win,88
botposlednji1,1593484,match_winner,Draw,2026-07-23 05:03:55.300289,2026-07-23 16:30:00,0.1889487906893623,0.0949952715938421,0.09395351909552019,0.0014285906536202209,5.3,848,0,1,False,,,0.35,11.434638808611112,0.6449297859952956,lose,89
botposlednji1,1593485,match_winner,Draw,2026-07-23 05:03:55.300289,2026-07-23 17:00:00,0.16670133272794663,0.08332656551985271,0.08337476720809392,0.0002079963676797636,6.0,848,1,0,False,,,0.35,11.934638808611112,0.7025020688024272,lose,90
current_bot,1500011,match_winner,Away,2026-07-25 05:53:03.764762,2026-07-25 18:00:00,0.24328918772691782,0.12945569534263335,0.11383349238428447,0.4487871129137957,5.955,132,12,12,False,,,0.35,12.115620899444444,0.6497431003560478,lose,110
current_bot,1500008,match_winner,Away,2026-07-25 05:53:03.764762,2026-07-25 16:00:00,0.2520553845790878,0.154501972063119,0.09755341251596883,0.25397553828096187,4.975,132,12,13,False,,,0.35,10.115620899444444,0.6998356537970191,win,111
current_bot,1494712,over_under,Under 2.5,2026-07-25 05:53:03.764762,2026-07-25 14:00:00,0.5900557636949658,0.2814315613321579,0.3086242023628079,0.23911710375942818,2.1,103,13,12,False,,,0.35,8.115620899444444,0.05038706965289885,lose,112
current_bot,1492308,over_under,Under 2.5,2026-07-25 05:53:03.764762,2026-07-25 21:30:00,0.5598513449345699,0.23773720235796234,0.32211414257660753,0.20927890505867097,2.16,71,10,11,False,,,0.35,15.615620899444444,0.008879561302746142,lose,113
current_bot,1500182,match_winner,Away,2026-07-25 05:53:03.764762,2026-07-25 18:00:00,0.26185796165612474,0.18250933514036732,0.07934862651575741,0.09980343895572386,4.2,132,12,12,False,,,0.35,12.115620899444444,0.7558503799515157,win,114
current_bot,1492309,over_under,Under 2.5,2026-07-25 05:53:03.764762,2026-07-25 23:30:00,0.5678701711118437,0.2606481342930304,0.30722203681881327,0.007969553723522482,1.775,71,10,10,False,,,0.35,17.615620899444444,0.054701425172882234,win,115
current_bot,1500009,match_winner,Away,2026-07-25 15:24:09.627712,2026-07-25 18:00:00,0.2523891869361463,0.15545569308328608,0.09693349385286024,0.18875307046924905,4.71,132,13,14,False,,,0.35,2.597325635555556,0.7017430958373532,win,116
current_bot,1493014,btts,Yes,2026-07-25 19:29:08.466545,2026-07-25 22:15:00,0.41190924021117126,0.14938059769664036,0.2625286425145309,0.07920220935326872,2.62,128,8,5,True,1.0,1.0,0.55,2.7643148486111113,0.9091247006680471,lose,117
current_bot,1493005,match_winner,Home,2026-07-26 05:04:57.214585,2026-07-26 22:30:00,0.2953610518784274,0.12474027594065751,0.17062077593776992,0.3291247334529235,4.5,128,5,5,True,1.0,1.0,0.55,17.417440393055553,0.9409389621753874,win,118
current_bot,1494709,over_under,Under 2.5,2026-07-26 05:04:57.214585,2026-07-26 17:15:00,0.45803463535563277,0.23583543829842724,0.22219919705720553,0.2595952472279901,2.75,103,9,11,True,1.0,1.0,0.55,12.167440393055555,0.923084893326352,win,119
current_bot,1500014,over_under,Over 2.5,2026-07-26 05:04:57.214585,2026-07-26 18:00:00,0.3813885730297387,0.1732876629981073,0.20810091003163142,0.14416571908921627,3.0,132,13,13,True,1.0,1.0,0.55,12.917440393055555,0.9279650696044353,win,120
current_bot,1494715,over_under,Under 2.5,2026-07-26 05:04:57.214585,2026-07-26 15:00:00,0.45962896941688314,0.23904035328010834,0.2205886161367748,0.08012807812967537,2.35,103,13,12,True,1.0,1.0,0.55,9.917440393055555,0.9236424021065011,win,121
botposlednji1,1494709,over_under,Under 2.5,2026-07-26 05:08:30.150104,2026-07-26 17:15:00,0.37310740537452214,0.23583543829842724,0.1372719670760949,0.02604536477993591,2.75,103,9,10,False,,,0.35,12.108291637777779,0.3425638794004665,win,91
botposlednji1,1494714,over_under,Under 2.5,2026-07-26 05:08:30.150104,2026-07-26 15:00:00,0.3509886860542194,0.2185825725663322,0.1324061134878872,0.017867189557236207,2.9,103,11,12,False,,,0.35,9.858291637777779,0.4634267735794855,lose,92
botposlednji1,1589432,over_under,Under 2.5,2026-07-28 06:24:46.795984,2026-07-28 17:00:00,0.4249371214177016,0.2122809582681816,0.21265616314952002,0.0028516065457757644,2.36,848,1,0,False,,,0.35,10.587001115555557,0.21122933485004114,lose,93
current_bot,1556505,match_winner,Away,2026-07-28 07:45:10.155006,2026-07-28 18:00:00,0.21517445255172007,0.07658302586389129,0.13859142668782878,0.5492560583723847,7.2,2,20,10,False,1.47,1.27,0.55,10.247179165,0.95,lose,122
current_bot,1556506,match_winner,Home,2026-07-29 05:02:07.239465,2026-07-29 18:00:00,0.37643167205463623,0.11225599110268475,0.2641756809519515,1.4242199680318577,6.44,2,10,23,False,2.28,2.02,0.55,12.964655704166667,0.9085545719781707,lose,123
botposlednji1,1556535,over_under,Under 2.5,2026-07-30 04:57:49.258574,2026-07-30 16:00:00,0.462310123951755,0.23883890200243688,0.22347122194931815,0.03095157641241375,2.23,848,0,0,False,,,0.35,11.036317062777778,0.04616566091604568,win,94
botposlednji1,1593526,over_under,Under 2.5,2026-07-30 04:57:49.258574,2026-07-30 16:00:00,0.43069116929983253,0.21943128434934692,0.21125988495048562,0.020738071240603118,2.37,3,0,1,False,,,0.35,11.036317062777778,0.14125696874013072,win,95
botposlednji1,1591947,match_winner,Draw,2026-07-30 04:57:49.258574,2026-07-30 17:00:00,0.1591034157835594,0.08127700975079703,0.07782640603276238,0.010306690225602155,6.35,848,2,0,False,,,0.35,12.036317062777778,0.6778316554255663,win,96
botposlednji1,1556549,over_under,Under 2.5,2026-07-30 04:57:49.258574,2026-07-30 17:00:00,0.45557297173670713,0.22163482779748966,0.23393814393921747,0.002260537820755859,2.2,3,0,0,False,,,0.35,12.036317062777778,0.03828563619507952,win,97
botposlednji1,1556540,over_under,Under 2.5,2026-07-30 04:57:49.258574,2026-07-30 14:00:00,0.47673235137402803,0.24177732063995158,0.23495503073407645,0.0011379378854587952,2.1,848,0,0,False,,,0.35,9.036317062777778,0.09387827033922613,win,98
current_bot,1556534,match_winner,Home,2026-07-30 05:03:27.968908,2026-07-30 17:00:00,0.30436926557250227,0.12021001197514461,0.18415925359735766,0.6435940340915123,5.4,848,12,10,False,1.0,0.94,0.55,11.942230858888887,0.9362525660624532,lose,124
current_bot,1556541,match_winner,Home,2026-07-30 05:03:27.968908,2026-07-30 17:30:00,0.25829757283470806,0.11246423123307239,0.14583334160163566,0.4722961651578359,5.7,848,9,9,False,1.0,1.2,0.55,12.442230858888887,0.9495192279071262,lose,125
current_bot,1556526,match_winner,Home,2026-07-30 05:03:27.968908,2026-07-30 16:00:00,0.29144378966752027,0.12209820098584563,0.16934558868167465,0.39893019040409716,4.8,848,5,20,True,1.0,1.02,0.55,10.942230858888887,0.9413803731486512,win,126
current_bot,1556535,match_winner,Away,2026-07-30 05:03:27.968908,2026-07-30 16:00:00,0.30742797524671583,0.14045708422441786,0.16697089102229798,0.3834258886102213,4.5,848,10,10,False,1.66,1.85,0.55,10.942230858888887,0.9422023838768969,lose,127
current_bot,1556548,match_winner,Draw,2026-07-30 05:03:27.968908,2026-07-30 19:00:00,0.15665906956576142,0.059100648844914457,0.09755842072084697,0.3316020913089721,8.5,3,13,14,False,1.56,1.84,0.55,13.942230858888887,0.95,lose,128
current_bot,1556542,match_winner,Draw,2026-07-30 05:03:27.968908,2026-07-30 18:30:00,0.21881288014745617,0.08193969190704473,0.13687318824041145,0.3238179248921098,6.05,848,6,4,True,1.0,1.0,0.55,13.442230858888887,0.95,win,129
current_bot,1556550,match_winner,Home,2026-07-30 06:00:00.948968,2026-07-30 17:00:00,0.3914985978525496,0.16336961593469482,0.22812898191785477,0.29977534487046453,3.32,3,10,26,False,1.37,1.0,0.55,10.99973639777778,0.9210322754899735,win,130
current_bot,1556528,match_winner,Draw,2026-07-30 06:00:00.948968,2026-07-30 19:00:00,0.17848677688683035,0.07534331054853226,0.10314346633829809,0.24940743820781242,7.0,848,24,10,False,1.49,0.97,0.55,12.99973639777778,0.95,lose,131
current_bot,1556540,match_winner,Draw,2026-07-30 06:00:00.948968,2026-07-30 14:00:00,0.22173730435992586,0.09029518965695815,0.1314421147029677,0.21955517397959223,5.5,848,4,8,True,1.0,1.0,0.55,7.999736397777777,0.95,win,132
current_bot,1556537,btts,Yes,2026-07-30 06:00:00.948968,2026-07-30 16:00:00,0.4766980928315151,0.19293973432226558,0.2837583585092495,0.017750428195284718,2.135,848,14,2,False,1.43,1.0,0.55,9.99973639777778,0.9017759528237214,win,133
botposlednji1,1561894,over_under,Under 2.5,2026-07-31 05:55:40.039311,2026-07-31 17:30:00,0.49311831341831963,0.2799060117344512,0.21321230168386845,0.008426950940463529,2.045,218,0,0,False,,,0.35,11.5722113025,0.10195846369431427,lose,99
